name;time
NO PCA;;
DT;0.00146
GNB;0.00146
PCA (N);;
DT;0.00158
GNB;0.00189
PCA (300);;
DT;0.00161
GNB;0.00178
PCA (150);;
DT;0.00182
GNB;0.00171
PCA (50);;
DT;0.00164
GNB;0.00166
PCA (17);;
DT;0.00164
GNB;0.00164
PCA (2);;
DT;0.00168
GNB;0.00167
