name;time
AutoEncoder;;
DT;0.00185
KNN;0.00211
RF;0.00393
GBC;0.00238
GNB;0.00188
SVM;0.00189
MLP;0.00185
